slug,name,active,football_only,month,tips,win,lose,void,averageOdds,staked,profit,levelStakeProfit,levelStakeROI,winPercentage
star-tips,star tips,False,True,2026-06,47,14,33,0,2.979574,47,-4.825,-4.825,-10.27,30
star-tips,star tips,False,True,2026-05,95,30,65,0,2.925684,95,-5.975,-5.975,-6.29,32
star-tips,star tips,False,True,2026-04,50,22,28,0,2.8454,50,13.575,13.575,27.15,44
star-tips,star tips,False,True,2026-03,50,29,21,0,3.0398,50,35.908,35.908,71.82,58
star-tips,star tips,False,True,2026-02,74,26,48,0,2.461891,74,-9.125,-9.125,-12.33,35
star-tips,star tips,False,True,2026-01,107,35,72,0,2.510934,107,-19.6,-19.6,-18.32,33
star-tips,star tips,False,True,2025-12,74,35,39,0,2.507027,74,14.15,14.15,19.12,47
star-tips,star tips,False,True,2025-11,105,39,66,0,2.51419,105,-7.775,-7.775,-7.4,37
star-tips,star tips,False,True,2025-10,76,24,52,0,2.535921,76,-13.545,-13.545,-17.82,32
star-tips,star tips,False,True,2025-09,59,23,36,0,2.992372,59,3.71,3.71,6.29,39
star-tips,star tips,False,True,2025-08,100,32,68,0,2.7811,100,-12.36,-12.36,-12.36,32
star-tips,star tips,False,True,2025-07,108,43,65,0,2.714907,108,9.39,9.39,8.69,40
star-tips,star tips,False,True,2025-06,82,35,47,0,2.664024,82,8.68,8.68,10.59,43
star-tips,star tips,False,True,2025-05,104,39,65,0,2.525192,104,-8.29,-8.29,-7.97,38
star-tips,star tips,False,True,2025-04,69,26,43,0,2.511159,69,-6.08,-6.08,-8.81,38
star-tips,star tips,False,True,2025-03,67,28,39,0,2.471791,67,2.88,2.88,4.3,42
star-tips,star tips,False,True,2025-02,39,19,20,0,2.503333,39,8.76,8.76,22.46,49
star-tips,star tips,False,True,2025-01,28,12,16,0,2.575357,28,3.84,3.84,13.71,43
star-tips,star tips,False,True,2024-12,47,21,26,0,2.472553,47,5.72,5.72,12.17,45
star-tips,star tips,False,True,2024-11,58,26,32,0,2.541724,58,6.67,6.67,11.5,45
star-tips,star tips,False,True,2024-10,53,13,40,0,2.696037,53,-17.2,-17.2,-32.45,25
star-tips,star tips,False,True,2024-09,45,19,26,0,2.602444,45,2.92,2.92,6.49,42
star-tips,star tips,False,True,2024-08,75,31,44,0,2.662,75,4.56,4.56,6.08,41
star-tips,star tips,False,True,2024-07,80,24,56,0,2.778,80,-14.89,-14.89,-18.61,30
star-tips,star tips,False,True,2024-06,78,31,47,0,2.873974,78,7.93,7.93,10.17,40
star-tips,star tips,False,True,2024-05,110,47,63,0,2.671909,110,14.22,14.22,12.93,43
star-tips,star tips,False,True,2024-04,51,24,27,0,2.63647,51,10.77,10.77,21.12,47
star-tips,star tips,False,True,2024-03,48,23,25,0,2.623333,48,9.42,9.42,19.62,48
star-tips,star tips,False,True,2024-02,98,33,65,0,2.838367,98,-3.8,-3.8,-3.88,34
star-tips,star tips,False,True,2024-01,60,21,39,0,2.8235,60,0.04,0.04,0.07,35
star-tips,star tips,False,True,2023-12,82,31,51,0,2.555,82,-2.63,-2.63,-3.21,38
star-tips,star tips,False,True,2023-11,173,72,101,0,2.542427,173,6.89,6.89,3.98,42
star-tips,star tips,False,True,2023-10,221,89,132,0,2.601583,221,9.63,9.63,4.36,40
star-tips,star tips,False,True,2023-09,173,78,95,0,2.670635,173,30.72,30.72,17.76,45
star-tips,star tips,False,True,2023-08,143,50,93,0,2.643566,143,-13.83,-13.83,-9.67,35
star-tips,star tips,False,True,2023-07,124,42,82,0,2.705483,124,-7.47,-7.47,-6.02,34
star-tips,star tips,False,True,2023-06,174,58,116,0,2.796781,174,-13.72,-13.72,-7.89,33
star-tips,star tips,False,True,2023-05,167,73,94,0,2.629161,167,25.54,25.54,15.29,44
star-tips,star tips,False,True,2023-04,153,65,88,0,2.640522,153,16.44,16.44,10.75,42
star-tips,star tips,False,True,2023-03,124,62,62,0,2.595564,124,37.4,37.4,30.16,50
star-tips,star tips,False,True,2023-02,89,41,48,0,2.632471,89,17.81,17.81,20.01,46
star-tips,star tips,False,True,2023-01,56,30,26,0,2.614285,56,23.05,23.05,41.16,54
star-tips,star tips,False,True,2022-12,68,29,39,0,2.6125,68,6.51,6.51,9.57,43
star-tips,star tips,False,True,2022-11,126,53,73,0,2.690317,126,16.5,16.5,13.1,42
star-tips,star tips,False,True,2022-10,207,93,114,0,2.817149,207,56.92,56.92,27.5,45
star-tips,star tips,False,True,2022-09,238,96,142,0,2.803361,238,30.71,30.71,12.9,40
star-tips,star tips,False,True,2022-08,208,75,133,0,2.776538,208,-1.69,-1.69,-0.81,36
star-tips,star tips,False,True,2022-07,139,42,97,0,2.801798,139,-22.11,-22.11,-15.91,30
star-tips,star tips,False,True,2022-06,166,75,91,0,2.736686,166,38.53,38.53,23.21,45
star-tips,star tips,False,True,2022-05,342,150,192,0,2.759269,342,74.88,74.88,21.89,44
star-tips,star tips,False,True,2022-04,372,166,206,0,2.666639,371.4,67.39,66.79,17.95,45
star-tips,star tips,False,True,2022-03,315,146,169,0,2.607555,315,63.69,63.69,20.22,46
star-tips,star tips,False,True,2022-02,220,88,130,0,2.502545,220,-4.23,-4.23,-1.92,40
star-tips,star tips,False,True,2022-01,221,108,113,0,2.459366,221,37.73,37.73,17.07,49
star-tips,star tips,False,True,2021-12,265,104,160,1,2.523509,265,-9.05,-9.05,-3.42,39
star-tips,star tips,False,True,2021-11,636,261,374,0,2.608757,635,38.6114,39.4834,6.21,41
star-tips,star tips,False,True,2021-10,1528,659,859,8,2.697264,1528,230.4646,230.4646,15.08,43
star-tips,star tips,False,True,2021-09,1149,490,567,29,2.360226,1149,43.3854,43.3854,3.78,44
master-football-tipster,MASTER FOOTBALL TIPSTER,False,True,2026-04,6,0,6,0,3.086666,3.6,-3.6,-6,-100,0
master-football-tipster,MASTER FOOTBALL TIPSTER,False,True,2026-03,3,0,3,0,2.146666,2.2,-2.2,-3,-100,0
master-football-tipster,MASTER FOOTBALL TIPSTER,False,True,2026-02,8,3,5,0,1.84875,3.8,-1.1776,-2.444,-30.55,38
master-football-tipster,MASTER FOOTBALL TIPSTER,False,True,2026-01,19,8,8,3,1.771052,11,-1.5976,-2.414,-12.71,50
master-football-tipster,MASTER FOOTBALL TIPSTER,False,True,2025-12,9,6,3,0,1.701111,6.4,1.408,1.21,13.44,67
master-football-tipster,MASTER FOOTBALL TIPSTER,False,True,2025-08,2,1,1,0,2.125,1.8,-0.342,-0.38,-19,50
master-football-tipster,MASTER FOOTBALL TIPSTER,False,True,2023-08,9,5,4,0,2.087777,7.5,1.002,1.28,14.22,56
master-football-tipster,MASTER FOOTBALL TIPSTER,False,True,2023-07,21,8,13,0,2.16238,18.4,-3.577,-4.53,-21.57,38
master-football-tipster,MASTER FOOTBALL TIPSTER,False,True,2023-06,22,12,10,0,2.197727,19,5.336,5.04,22.91,55
master-football-tipster,MASTER FOOTBALL TIPSTER,False,True,2023-05,24,11,13,0,2.2325,20.6,1.013,1.18,4.92,46
master-football-tipster,MASTER FOOTBALL TIPSTER,False,True,2023-04,1,0,1,0,1.95,0.9,-0.9,-1,-100,0
master-football-tipster,MASTER FOOTBALL TIPSTER,False,True,2023-03,12,6,6,0,1.901666,10.1,-0.16,-0.73,-6.08,50
master-football-tipster,MASTER FOOTBALL TIPSTER,False,True,2023-02,2,0,2,0,1.735,1.7,-1.7,-2,-100,0
master-football-tipster,MASTER FOOTBALL TIPSTER,False,True,2022-12,1,1,0,0,1.57,1,0.57,0.57,57,100
master-football-tipster,MASTER FOOTBALL TIPSTER,False,True,2022-10,12,4,8,0,1.789166,10.9,-4.897,-5.33,-44.42,33
master-football-tipster,MASTER FOOTBALL TIPSTER,False,True,2022-04,20,10,10,0,1.8635,16.7,-1.499,-1.78,-8.9,50
master-football-tipster,MASTER FOOTBALL TIPSTER,False,True,2022-03,1,0,1,0,1.86,0.9,-0.9,-1,-100,0
master-football-tipster,MASTER FOOTBALL TIPSTER,False,True,2022-01,9,4,5,0,1.846666,6.9,-1.219,-1.83,-20.33,44
master-football-tipster,MASTER FOOTBALL TIPSTER,False,True,2021-12,9,5,4,0,1.916666,7.8,1.107,0.73,8.11,56
master-football-tipster,MASTER FOOTBALL TIPSTER,False,True,2021-11,7,3,4,0,1.624285,6,-2.033,-2.19,-31.29,43
mls-value,MLS Value,False,True,2026-06,11,7,3,0,1.928181,11,3.856,3.856,35.05,64
mls-value,MLS Value,False,True,2026-05,17,4,13,0,2.115882,17,-8.17,-8.17,-48.06,24
mls-value,MLS Value,False,True,2026-04,15,9,5,0,2.216,15,7.277,7.277,48.51,60
mls-value,MLS Value,False,True,2026-03,18,10,8,0,2.105,17.5,3.293,2.793,15.52,56
mls-value,MLS Value,False,True,2026-02,4,3,1,0,2.125,4,2.59,2.59,64.75,75
mls-value,MLS Value,False,True,2025-11,14,9,4,1,2.018571,14,4.719,4.719,33.71,69
mls-value,MLS Value,False,True,2025-10,28,10,15,3,2.042142,28,-3.732,-3.732,-13.33,40
mls-value,MLS Value,False,True,2025-09,24,12,11,1,2.226666,24,1.526,1.526,6.36,52
mls-value,MLS Value,False,True,2025-08,24,13,11,0,2.3075,24,4.54,4.54,18.92,54
mls-value,MLS Value,False,True,2025-07,24,9,13,2,2.496666,24,-2.202,-2.202,-9.18,41
mls-value,MLS Value,False,True,2025-06,29,9,19,1,2.406896,29,-5.444,-5.444,-18.77,32
mls-value,MLS Value,False,True,2025-05,41,20,20,1,2.504146,41,7.902,7.902,19.27,50
mls-value,MLS Value,False,True,2025-04,5,2,2,1,2.714,5,0.22,0.22,4.4,50
mls-value,MLS Value,False,True,2025-03,34,14,18,2,2.796764,33,5.44,8.35,24.56,44
mls-value,MLS Value,False,True,2025-02,7,1,4,2,2.921428,7,-3.15,-3.15,-45,20
main-draws-model-top-euros,Main Draws Model - Top Euros,False,True,2026-05,39,11,28,0,4.236666,39,4.2,4.2,10.77,28
main-draws-model-top-euros,Main Draws Model - Top Euros,False,True,2026-04,19,3,16,0,3.878421,19,-7.77,-7.77,-40.89,16
main-draws-model-top-euros,Main Draws Model - Top Euros,False,True,2026-03,26,11,15,0,4.066153,26,19.58,19.58,75.31,42
main-draws-model-top-euros,Main Draws Model - Top Euros,False,True,2026-02,31,8,23,0,4.178387,31,-0.08,-0.08,-0.26,26
main-draws-model-top-euros,Main Draws Model - Top Euros,False,True,2026-01,31,9,22,0,3.813225,31,3.6,3.6,11.61,29
main-draws-model-top-euros,Main Draws Model - Top Euros,False,True,2025-12,28,8,20,0,3.843214,28,4.93,4.93,17.61,29
main-draws-model-top-euros,Main Draws Model - Top Euros,False,True,2025-11,27,9,18,0,4.191481,27,10.61,10.61,39.3,33
main-draws-model-top-euros,Main Draws Model - Top Euros,False,True,2025-10,24,7,17,0,4.103333,24,3.21,3.21,13.38,29
main-draws-model-top-euros,Main Draws Model - Top Euros,False,True,2025-09,25,8,17,0,3.7628,25,4.37,4.37,17.48,32
main-draws-model-top-euros,Main Draws Model - Top Euros,False,True,2025-08,29,10,19,0,3.73931,29,5.87,5.87,20.24,34
main-draws-model-top-euros,Main Draws Model - Top Euros,False,True,2025-04,24,5,19,0,3.742916,24,-5.71,-5.71,-23.79,21
main-draws-model-top-euros,Main Draws Model - Top Euros,False,True,2025-03,19,3,16,0,3.607368,19,-9.09,-9.09,-47.84,16
main-draws-model-top-euros,Main Draws Model - Top Euros,False,True,2025-02,24,5,19,0,3.732916,24,-5.25,-5.25,-21.88,21
main-draws-model-top-euros,Main Draws Model - Top Euros,False,True,2025-01,25,3,22,0,3.8032,25,-13.01,-13.01,-52.04,12
main-draws-model-top-euros,Main Draws Model - Top Euros,False,True,2024-12,33,11,22,0,3.82,33,9.38,9.38,28.42,33
main-draws-model-top-euros,Main Draws Model - Top Euros,False,True,2024-11,32,9,23,0,3.728125,32,0.76,0.76,2.38,28
main-draws-model-top-euros,Main Draws Model - Top Euros,False,True,2024-10,19,3,16,0,3.781578,19,-7.68,-7.68,-40.42,16
main-draws-model-top-euros,Main Draws Model - Top Euros,False,True,2024-09,20,6,14,0,3.6895,20,2,2,10,30
main-draws-model-top-euros,Main Draws Model - Top Euros,False,True,2024-08,13,4,9,0,3.71,13,1.11,1.11,8.54,31
main-draws-model-top-euros,Main Draws Model - Top Euros,False,True,2024-05,13,6,7,0,3.852307,13,9.01,9.01,69.31,46
main-draws-model-top-euros,Main Draws Model - Top Euros,False,True,2024-04,24,6,18,0,3.88375,24,-0.39,-0.39,-1.62,25
main-draws-model-top-euros,Main Draws Model - Top Euros,False,True,2024-03,32,8,24,0,3.948125,32,0.87,0.87,2.72,25
main-draws-model-top-euros,Main Draws Model - Top Euros,False,True,2024-02,35,15,20,0,3.756571,35,22.89,22.89,65.4,43
main-draws-model-top-euros,Main Draws Model - Top Euros,False,True,2024-01,21,9,12,0,3.782857,21,13.72,13.72,65.33,43
main-draws-model-top-euros,Main Draws Model - Top Euros,False,True,2023-12,37,13,24,0,3.844324,37,11.54,11.54,31.19,35
main-draws-model-top-euros,Main Draws Model - Top Euros,False,True,2023-11,21,6,15,0,3.680476,21,1.69,1.69,8.05,29
main-draws-model-top-euros,Main Draws Model - Top Euros,False,True,2023-10,22,4,18,0,3.852272,22,-7.31,-7.31,-33.23,18
main-draws-model-top-euros,Main Draws Model - Top Euros,False,True,2023-09,16,3,13,0,3.768125,16,-5.1,-5.1,-31.88,19
main-draws-model-top-euros,Main Draws Model - Top Euros,False,True,2023-08,9,2,7,0,3.71,9,-1.61,-1.61,-17.89,22
main-draws-model-top-euros,Main Draws Model - Top Euros,False,True,2023-05,41,12,29,0,3.791463,41,5.19,5.19,12.66,29
main-draws-model-top-euros,Main Draws Model - Top Euros,False,True,2023-04,41,13,28,0,3.702926,41,7.86,7.86,19.17,32
main-draws-model-top-euros,Main Draws Model - Top Euros,False,True,2023-03,20,8,12,0,3.7045,20,9.06,9.06,45.3,40
main-draws-model-top-euros,Main Draws Model - Top Euros,False,True,2023-02,27,7,20,0,3.689629,27,-0.93,-0.93,-3.44,26
main-draws-model-top-euros,Main Draws Model - Top Euros,False,True,2023-01,27,11,16,0,3.684444,27,13.09,13.09,48.48,41
main-draws-model-top-euros,Main Draws Model - Top Euros,False,True,2022-12,6,1,5,0,3.855,6,-1,-1,-16.67,17
main-draws-model-top-euros,Main Draws Model - Top Euros,False,True,2022-11,11,0,11,0,3.501818,11,-11,-11,-100,0
main-draws-model-top-euros,Main Draws Model - Top Euros,False,True,2022-10,36,8,28,0,3.688888,36,-6.92,-6.92,-19.22,22
main-draws-model-top-euros,Main Draws Model - Top Euros,False,True,2022-09,21,4,17,0,3.7,21,-5.64,-5.64,-26.86,19
main-draws-model-top-euros,Main Draws Model - Top Euros,False,True,2022-08,18,11,7,0,3.731666,18,21.55,21.55,119.72,61
football-laboratory,Football Laboratory,False,False,2023-03,27,13,13,1,2.34,27,3.48,3.48,12.89,50
kingofbets,King_OF_Bets,False,False,2018-03,28,5,17,0,4.860416,28.2,-1.18,-3.6,-7.5,18
kingofbets,King_OF_Bets,False,False,2018-02,28,7,15,0,4.953541,41.8,9.695,9.35,19.48,25
kingofbets,King_OF_Bets,False,False,2018-01,12,3,5,0,4.885833,24,12.51,12.51,52.12,25
